2021.2.19 15:16,Start,,,,,,,
2021.2.19 15:16,End,,,,,,,
,,,,,,,,
,,,,,,,,
Time (s),X,Y,Z,|V|,MAx,MAy,MAz,MAv
0,-0.696734,7.735902,6.955369,10.426254,-0.697,7.736,6.955,10.426
0.011,-0.821236,7.819702,6.328068,10.092899,-0.728,7.757,6.799,10.343
0.021,-0.816448,7.884347,5.940196,9.905324,-0.758,7.794,6.545,10.213
0.032,-0.895459,7.877164,5.794145,9.819556,-0.807,7.829,6.254,10.061
0.04,-1.04151,7.814913,5.739077,9.751646,-0.894,7.849,5.95,9.892
0.052,-0.967287,7.817307,5.640912,9.688438,-0.93,7.848,5.779,9.791
0.06,-1.005595,7.714354,5.614574,9.594056,-0.977,7.806,5.697,9.713
0.07,-1.055875,7.70717,5.442187,9.493827,-1.018,7.763,5.609,9.632
0.08,-1.031932,7.829278,5.257827,9.487214,-1.015,7.767,5.489,9.566
0.091,-1.031932,7.893924,5.157268,9.485586,-1.031,7.786,5.368,9.515
0.1,-1.012778,7.80773,5.437398,9.568263,-1.033,7.81,5.324,9.509
0.11,-0.854756,7.762239,5.808511,9.73251,-0.983,7.823,5.415,9.568
0.121,-0.72786,7.656891,6.160469,9.854397,-0.907,7.78,5.641,9.66
0.131,-0.703917,7.609005,6.361588,9.942951,-0.825,7.709,5.942,9.775
0.14,-0.718282,7.6114,6.263423,9.883309,-0.751,7.66,6.148,9.853
0.15,-0.713494,7.654497,6.153286,9.846996,-0.716,7.633,6.235,9.882
0.16,-0.718282,7.695199,5.921041,9.736054,-0.713,7.643,6.175,9.852
0.172,-0.768562,7.771816,5.767808,9.708729,-0.73,7.683,6.026,9.794
0.18,-0.790111,7.817307,5.818088,9.776744,-0.748,7.735,5.915,9.767
0.191,-0.739831,7.846038,5.952167,9.876029,-0.754,7.783,5.865,9.774
0.2,-0.835602,7.786181,6.126949,9.942956,-0.784,7.805,5.916,9.826
0.211,-0.849968,7.714354,6.344828,10.024497,-0.804,7.791,6.061,9.905
0.22,-0.847573,7.632948,6.421445,10.010755,-0.818,7.745,6.211,9.964
0.231,-0.814053,7.606611,6.313703,9.918974,-0.837,7.685,6.302,9.974
0.24,-0.708705,7.546754,6.184412,9.782776,-0.805,7.625,6.316,9.934
0.252,-0.636877,7.592246,6.012024,9.705269,-0.752,7.595,6.233,9.854
0.26,-0.723071,7.654497,6.023995,9.767429,-0.721,7.6,6.134,9.794
0.27,-0.682368,7.721536,6.038361,9.825963,-0.688,7.629,6.065,9.77
0.28,-0.598569,7.767027,6.112584,9.901953,-0.66,7.684,6.047,9.8
0.292,-0.766168,7.767027,6.138921,9.929757,-0.693,7.728,6.078,9.856
0.3,-0.735042,7.786181,6.196383,9.977979,-0.696,7.76,6.122,9.909
0.31,-0.720677,7.728719,6.225114,9.950102,-0.705,7.762,6.168,9.94
0.32,-0.782928,7.668862,6.359194,9.993186,-0.751,7.738,6.23,9.963
0.331,-0.814053,7.661679,6.330462,9.971899,-0.763,7.711,6.278,9.973
0.34,-0.816448,7.647314,6.119766,9.828506,-0.784,7.677,6.259,9.936
0.351,-0.761379,7.625765,5.921041,9.684561,-0.794,7.651,6.183,9.87
0.36,-0.706311,7.573091,5.760625,9.541247,-0.775,7.627,6.033,9.757
0.371,-0.629694,7.525206,5.92583,9.598995,-0.728,7.593,5.932,9.663
0.38,-0.675186,7.496474,6.179623,9.738621,-0.693,7.555,5.947,9.641
0.39,-0.600963,7.467743,6.368771,9.833087,-0.653,7.516,6.059,9.678
0.399,-0.636877,7.563514,6.541159,10.019936,-0.636,7.513,6.254,9.798
0.411,-0.672791,7.522811,6.67045,10.076718,-0.646,7.513,6.44,9.917
0.419,-0.663214,7.546754,6.696786,10.111395,-0.643,7.525,6.569,10.01
0.43,-0.735042,7.539571,6.639324,10.073036,-0.677,7.543,6.637,10.07
0.439,-0.794899,7.520417,6.591439,10.03173,-0.716,7.532,6.65,10.073
0.45,-0.684763,7.486897,6.593833,10.000058,-0.719,7.523,6.63,10.054
0.459,-0.545895,7.474926,6.567496,9.965165,-0.69,7.505,6.598,10.017
0.469,-0.521952,7.46056,6.543553,9.937328,-0.637,7.486,6.574,9.984
0.479,-0.548289,7.553937,6.402291,9.917253,-0.575,7.494,6.527,9.955
0.491,-0.658426,7.589851,6.275394,9.870154,-0.569,7.52,6.447,9.922
0.499,-0.665608,7.582668,6.237086,9.84079,-0.599,7.547,6.365,9.891
0.509,-0.612934,7.587457,6.263423,9.857772,-0.621,7.578,6.295,9.871
0.52,-0.392661,7.6114,6.407079,9.956819,-0.582,7.593,6.296,9.881
0.531,-0.615329,7.570697,6.493273,9.992831,-0.572,7.588,6.35,9.912
0.539,-0.682368,7.826884,6.45257,10.166681,-0.576,7.649,6.404,9.994
0.549,-0.794899,7.903501,6.371165,10.182777,-0.621,7.728,6.431,10.075
0.559,-0.984047,7.903501,6.373559,10.200781,-0.769,7.801,6.423,10.136
0.57,-1.130098,7.853221,6.512427,10.264596,-0.898,7.872,6.427,10.204
0.579,-1.151646,7.843644,6.51961,10.264228,-1.015,7.876,6.444,10.228
0.59,-1.20432,7.82449,6.533976,10.264788,-1.118,7.856,6.485,10.249
0.599,-1.259389,7.798153,6.498062,10.228492,-1.186,7.83,6.516,10.256
0.61,-1.300091,7.762239,6.431022,10.163692,-1.229,7.807,6.496,10.23
0.619,-1.309668,7.72393,6.363983,10.093295,-1.268,7.777,6.457,10.188
0.629,-1.268966,7.680834,6.313703,10.023389,-1.285,7.741,6.402,10.127
0.639,-1.161223,7.637737,6.284971,9.959133,-1.26,7.701,6.348,10.06
0.651,-1.017567,7.589851,6.284971,9.906672,-1.189,7.658,6.312,9.996
0.659,-0.885882,7.556331,6.311308,9.885117,-1.083,7.616,6.299,9.944
0.67,-0.797293,7.534783,6.325674,9.870298,-0.965,7.58,6.302,9.905
0.679,-0.735042,7.515629,6.318491,9.846232,-0.859,7.549,6.31,9.877
0.691,-0.718282,7.489292,6.30652,9.81721,-0.784,7.524,6.315,9.855
0.699,-0.691945,7.462955,6.299337,9.790614,-0.736,7.501,6.313,9.831
0.71,-0.636877,7.436617,6.313703,9.77608,-0.696,7.476,6.31,9.808
0.719,-0.550683,7.412675,6.352011,9.777476,-0.649,7.45,6.318,9.79
0.73,-0.459701,7.403098,6.385531,9.787348,-0.585,7.429,6.338,9.783
0.739,-0.392661,7.417463,6.414262,9.814056,-0.51,7.417,6.366,9.789
0.749,-0.359141,7.436617,6.428628,9.836642,-0.441,7.417,6.395,9.804
0.759,-0.378295,7.455772,6.433416,9.854973,-0.397,7.428,6.415,9.823
0.77,-0.435758,7.474926,6.440599,9.876524,-0.391,7.446,6.429,9.846
0.779,-0.505192,7.479714,6.45257,9.891259,-0.42,7.462,6.439,9.865
0.79,-0.545895,7.462955,6.464542,9.888579,-0.466,7.468,6.448,9.878
0.799,-0.5435,7.4438,6.464542,9.873999,-0.508,7.465,6.456,9.883
0.81,-0.502798,7.427041,6.450176,9.849797,-0.524,7.453,6.458,9.876
0.82,-0.442941,7.422252,6.423839,9.826074,-0.509,7.439,6.451,9.86
0.829,-0.390267,7.427041,6.368771,9.791552,-0.47,7.43,6.427,9.835
0.839,-0.36393,7.431829,6.32328,9.76465,-0.425,7.427,6.392,9.808
0.85,-0.361535,7.439012,6.299337,9.75455,-0.39,7.43,6.354,9.784
0.859,-0.339987,7.455772,6.299337,9.766564,-0.364,7.438,6.323,9.769
0.87,-0.306467,7.467743,6.313703,9.783861,-0.343,7.449,6.309,9.767
0.879,-0.275342,7.484503,6.318491,9.798823,-0.321,7.462,6.308,9.776
0.891,-0.277736,7.501263,6.294549,9.796296,-0.3,7.477,6.307,9.786
0.899,-0.287313,7.518023,6.265817,9.791,-0.287,7.493,6.298,9.792
0.91,-0.31365,7.532389,6.253846,9.795195,-0.289,7.509,6.283,9.795
0.919,-0.320833,7.56112,6.246663,9.812964,-0.3,7.528,6.265,9.799
0.93,-0.337593,7.582668,6.237086,9.824056,-0.315,7.549,6.251,9.806
0.939,-0.351958,7.589851,6.217932,9.817963,-0.331,7.567,6.239,9.813
0.95,-0.349564,7.589851,6.20596,9.8103,-0.34,7.581,6.227,9.816
0.96,-0.31365,7.59464,6.1892,9.8022,-0.338,7.589,6.213,9.814
0.971,-0.256187,7.616188,6.172441,9.80668,-0.318,7.598,6.196,9.809
0.979,-0.220273,7.635343,6.146103,9.804161,-0.285,7.609,6.178,9.806
0.989,-0.205908,7.666468,6.119766,9.81166,-0.249,7.628,6.157,9.806
0.999,-0.220273,7.699988,6.083852,9.815885,-0.226,7.654,6.131,9.81
1.011,-0.277736,7.72393,6.047938,9.813959,-0.231,7.681,6.099,9.811
1.019,-0.270553,7.798153,6.059909,9.87962,-0.244,7.722,6.078,9.83
1.029,-0.282524,7.817307,6.019207,9.870206,-0.263,7.76,6.053,9.845
1.039,-0.28013,7.826884,5.988081,9.858788,-0.278,7.792,6.029,9.856
1.051,-0.265765,7.84125,5.971322,9.85964,-0.275,7.821,6.01,9.867
1.06,-0.258582,7.834067,5.961744,9.847937,-0.272,7.83,5.985,9.859
1.07,-0.232245,7.826884,5.990476,9.858999,-0.259,7.832,5.978,9.856
1.079,-0.21309,7.817307,6.045544,9.884549,-0.242,7.83,5.992,9.863
1.09,-0.215485,7.810124,6.105401,9.915664,-0.23,7.822,6.026,9.877
1.099,-0.215485,7.802942,6.134132,9.927734,-0.219,7.814,6.069,9.897
1.109,-0.203513,7.798153,6.126949,9.91928,-0.212,7.807,6.103,9.912
1.12,-0.196331,7.79097,6.071881,9.87955,-0.208,7.801,6.11,9.911
1.131,-0.189148,7.79097,5.997658,9.833967,-0.201,7.796,6.083,9.89
1.139,-0.186753,7.793365,5.918647,9.787839,-0.194,7.793,6.029,9.855
1.15,-0.189148,7.788576,5.868368,9.75374,-0.19,7.791,5.964,9.814
1.159,-0.201119,7.786181,5.837242,9.733369,-0.192,7.79,5.905,9.777
1.171,-0.217879,7.800547,5.839636,9.746659,-0.199,7.792,5.866,9.755
1.179,-0.225062,7.82449,5.870762,9.784638,-0.208,7.8,5.854,9.755
1.19,-0.225062,7.846038,5.928225,9.836403,-0.217,7.814,5.869,9.775
1.199,-0.217879,7.862799,5.997658,9.891561,-0.221,7.833,5.909,9.815
1.21,-0.217879,7.869981,6.050333,9.92928,-0.221,7.851,5.962,9.86
1.219,-0.217879,7.869981,6.062304,9.936579,-0.22,7.862,6.01,9.898
1.229,-0.225062,7.867587,6.028784,9.914424,-0.22,7.868,6.035,9.918
1.239,-0.244216,7.869981,5.980898,9.88774,-0.226,7.869,6.031,9.917
1.251,-0.258582,7.881953,5.901887,9.850093,-0.236,7.872,5.993,9.897
1.259,-0.29689,7.913078,5.851608,9.84613,-0.256,7.883,5.941,9.875
1.27,-0.387873,7.956175,5.832453,9.872622,-0.297,7.905,5.892,9.864
1.279,-0.464489,8.016032,5.839636,9.928438,-0.352,7.942,5.856,9.874
1.29,-0.533923,8.0711,5.87555,9.997491,-0.421,7.989,5.85,9.911
1.299,-0.605752,8.102226,5.916253,10.050625,-0.498,8.036,5.866,9.962
1.309,-0.67758,8.126168,5.947379,10.092821,-0.57,8.079,5.895,10.017
1.319,-0.713494,8.13814,5.954561,10.109164,-0.633,8.109,5.923,10.063
1.331,-0.701523,8.123775,5.952167,10.095352,-0.675,8.123,5.943,10.087
1.339,-0.663214,8.090255,5.956956,10.068634,-0.689,8.12,5.953,10.091
1.349,-0.598569,8.047157,5.97611,10.04136,-0.669,8.1,5.96,10.079
1.359,-0.531529,8.011244,6.016813,10.033175,-0.624,8.068,5.976,10.06
1.371,-0.509981,7.982512,6.050333,10.029312,-0.576,8.033,6,10.043
1.379,-0.505192,7.953781,6.069487,10.01781,-0.536,7.999,6.028,10.03
1.39,-0.498009,7.944204,6.083852,10.018565,-0.511,7.973,6.055,10.025
1.399,-0.462095,7.94181,6.098218,10.023679,-0.494,7.956,6.075,10.022
1.411,-0.399844,7.934627,6.098218,10.01531,-0.466,7.944,6.087,10.019
1.419,-0.337593,7.922655,6.081458,9.993326,-0.424,7.936,6.09,10.013
1.429,-0.277736,7.915473,6.033573,9.956698,-0.369,7.929,6.078,9.997
1.439,-0.215485,7.910684,5.956956,9.905084,-0.308,7.921,6.043,9.968
1.45,-0.174782,7.915473,5.837242,9.836598,-0.251,7.916,5.977,9.923
1.459,-0.143656,7.917867,5.719923,9.768867,-0.203,7.915,5.887,9.867
1.469,-0.110137,7.929838,5.66246,9.744635,-0.161,7.918,5.794,9.814
1.479,-0.071828,7.939415,5.667248,9.754854,-0.125,7.926,5.722,9.776
1.491,-0.047885,7.937021,5.722317,9.784861,-0.093,7.931,5.693,9.763
1.499,-0.057463,7.932232,5.796539,9.824637,-0.072,7.935,5.712,9.777
1.51,-0.093377,7.94181,5.861185,9.870894,-0.068,7.938,5.762,9.809
1.519,-0.117319,8.006455,5.918647,9.957283,-0.079,7.954,5.825,9.859
1.53,-0.193936,8.116591,5.954561,10.06844,-0.116,7.999,5.883,9.93
1.539,-0.356747,8.233912,5.968927,10.176083,-0.19,8.075,5.926,10.018
1.55,-0.598569,8.358414,5.985687,10.298049,-0.317,8.179,5.957,10.125
1.559,-0.842785,8.480521,6.021601,10.434999,-0.498,8.297,5.983,10.244
1.571,-1.036721,8.581081,6.057515,10.554773,-0.709,8.413,6.008,10.366
1.579,-1.168406,8.660092,6.067092,10.638232,-0.912,8.52,6.033,10.482
1.589,-1.225869,8.710372,6.007236,10.651771,-1.068,8.608,6.038,10.57
1.599,-1.23784,8.734315,5.89231,10.608479,-1.167,8.671,6.006,10.613
1.611,-1.223474,8.741497,5.772596,10.546731,-1.214,8.712,5.935,10.611
1.619,-1.209109,8.746285,5.669643,10.49306,-1.224,8.733,5.835,10.575
1.629,-1.15404,8.76544,5.631334,10.482208,-1.206,8.747,5.741,10.533
1.639,-1.108549,8.813326,5.657671,10.531517,-1.174,8.767,5.683,10.513
1.65,-1.161223,8.846846,5.748654,10.614242,-1.158,8.793,5.677,10.53
1.659,-1.278543,8.858817,5.830059,10.681896,-1.176,8.821,5.717,10.577
1.669,-1.424594,8.851634,5.856396,10.708794,-1.243,8.843,5.773,10.634
1.679,-1.55149,8.825297,5.827665,10.688998,-1.354,8.846,5.816,10.673
1.69,-1.613741,8.767835,5.743865,10.605238,-1.467,8.826,5.814,10.671
1.699,-1.587404,8.696006,5.648094,10.490059,-1.544,8.785,5.769,10.623
1.709,-1.486845,8.607418,5.585843,10.368221,-1.56,8.724,5.701,10.538
1.719,-1.309668,8.502069,5.59542,10.262025,-1.499,8.643,5.643,10.431
1.73,-1.079818,8.413482,5.691191,10.21481,-1.366,8.555,5.63,10.334
1.739,-0.912219,8.327288,5.784568,10.18023,-1.197,8.463,5.664,10.256
1.749,-0.85715,8.253065,5.830059,10.140876,-1.04,8.374,5.725,10.199
1.759,-0.914613,8.174054,5.76302,10.043111,-0.941,8.292,5.767,10.145
1.77,-1.063058,8.097438,5.664854,9.939273,-0.937,8.213,5.761,10.076
1.779,-1.197137,8.018426,5.588237,9.846659,-1.008,8.136,5.712,9.992
1.79,-1.242629,7.937021,5.576266,9.779324,-1.104,8.057,5.648,9.902
1.799,-1.216292,7.884347,5.655277,9.778776,-1.18,7.984,5.621,9.836
1.811,-1.113338,7.846038,5.810905,9.826823,-1.192,7.921,5.658,9.808
1.819,-1.003201,7.802942,5.947379,9.862232,-1.144,7.868,5.747,9.812
1.829,-0.952921,7.743085,6.088641,9.89621,-1.071,7.819,5.876,9.841
1.839,-0.938556,7.671257,6.196383,9.905767,-1.002,7.766,6.011,9.873
1.85,-0.926584,7.585063,6.234692,9.862206,-0.955,7.701,6.117,9.882
1.859,-0.905036,7.491686,6.227509,9.783983,-0.931,7.623,6.187,9.862
1.87,-0.84039,7.393521,6.150892,9.654215,-0.903,7.535,6.202,9.802
1.879,-0.7111,7.314509,6.052727,9.520673,-0.846,7.446,6.166,9.705
1.89,-0.533923,7.23071,5.971322,9.392812,-0.748,7.358,6.101,9.588
1.899,-0.306467,7.173247,5.928225,9.310921,-0.598,7.278,6.026,9.47
1.91,-0.057463,7.151699,5.911465,9.278767,-0.402,7.218,5.966,9.376
1.919,0.174782,7.132545,5.877944,9.244132,-0.181,7.172,5.922,9.307
1.931,0.356747,7.144516,5.837242,9.23281,0.042,7.151,5.889,9.267
1.939,0.469278,7.158882,5.796539,9.223323,0.236,7.147,5.856,9.245
1.949,0.541106,7.161276,5.765414,9.209596,0.385,7.149,5.819,9.227
1.959,0.615329,7.134939,5.777385,9.201313,0.496,7.15,5.794,9.217
1.971,0.754197,7.089447,5.842031,9.217288,0.595,7.136,5.795,9.213
1.979,0.893064,7.039168,5.916253,9.238479,0.701,7.106,5.825,9.217
1.989,1.003201,6.998465,5.956956,9.245012,0.816,7.066,5.873,9.226
1.999,1.142069,6.964945,5.92583,9.215761,0.948,7.023,5.91,9.229
2.01,1.336005,6.921848,5.837242,9.152611,1.094,6.981,5.909,9.213
2.019,1.561067,6.871569,5.753442,9.097114,1.261,6.939,5.868,9.178
2.03,1.802889,6.814106,5.717528,9.075934,1.461,6.893,5.809,9.135
2.039,2.068653,6.773404,5.765414,9.132268,1.692,6.845,5.768,9.114
2.05,2.353572,6.715941,5.786962,9.172355,1.947,6.794,5.756,9.119
2.059,2.581028,6.658478,5.786962,9.191625,2.202,6.74,5.764,9.143
2.07,2.758204,6.632141,5.794145,9.228494,2.44,6.695,5.783,9.181
2.078,2.892284,6.622564,5.777385,9.252127,2.646,6.657,5.786,9.211
2.089,2.988055,6.574678,5.765414,9.240934,2.805,6.622,5.781,9.228
2.098,3.098191,6.507639,5.813299,9.25973,2.934,6.584,5.788,9.245
2.109,3.265791,6.402291,5.913859,9.30744,3.061,6.527,5.817,9.265
2.118,3.505218,6.213143,5.988081,9.313798,3.214,6.424,5.87,9.28
2.129,3.869148,5.944984,5.990476,9.284339,3.435,6.267,5.926,9.291
2.138,4.383917,5.621757,5.954561,9.288686,3.756,6.046,5.962,9.299
2.149,5.118959,5.26501,5.92583,9.436077,4.219,5.761,5.965,9.331
2.158,5.930619,4.860378,5.928225,9.692232,4.826,5.423,5.95,9.425
2.169,6.756643,4.436591,5.995264,10.063735,5.548,5.046,5.951,9.62
2.18,7.498868,4.017593,6.170046,10.509213,6.326,4.645,6.005,9.925
2.189,8.075889,3.615355,6.435811,10.941226,7.066,4.232,6.132,10.302
2.198,8.425453,3.234665,6.806923,11.304226,7.689,3.826,6.352,10.705
2.21,8.432636,2.887496,7.278595,11.507603,8.108,3.439,6.673,11.066
2.218,8.28898,2.604971,7.762239,11.650983,8.306,3.086,7.071,11.351
2.229,8.10462,2.363149,8.214757,11.779286,8.313,2.773,7.516,11.561
2.238,7.965752,2.159636,8.545167,11.880114,8.198,2.504,7.95,11.705
2.249,7.850827,2.001614,8.638543,11.843411,8.053,2.282,8.29,11.788
2.258,7.690411,1.886689,8.61939,11.704524,7.903,2.103,8.504,11.802
2.269,7.388732,1.786129,8.573898,11.458418,7.724,1.959,8.594,11.722
2.278,6.945791,1.810072,8.643332,11.235104,7.469,1.871,8.619,11.56
2.29,6.387925,1.8819,8.751075,10.996747,7.103,1.841,8.647,11.349
2.298,5.751048,2.051893,8.775017,10.690451,6.618,1.882,8.686,11.095
2.309,5.073468,2.286532,8.573898,10.221548,6.04,2.008,8.686,10.786
2.318,4.338426,2.490046,8.109408,9.528104,5.388,2.178,8.552,10.359
2.33,3.529161,2.664828,7.661679,8.846333,4.673,2.373,8.28,9.822
2.338,2.75581,2.729473,7.422252,8.374625,3.924,2.543,7.942,9.243
2.348,2.042316,2.78933,7.613794,8.361895,3.166,2.668,7.702,8.778
2.359,1.376708,2.959324,8.011244,8.650604,2.426,2.786,7.677,8.558
2.369,0.699128,3.272974,8.499676,9.134858,1.718,2.938,7.887,8.63
2.378,-0.059857,3.703943,9.081485,9.807963,1.015,3.181,8.302,8.989
2.389,-1.04151,4.319272,9.63935,10.614043,0.244,3.564,8.808,9.552
2.398,-2.236253,5.126143,10.067925,11.517,-0.66,4.106,9.322,10.268
2.41,-3.675212,6.146103,10.23313,12.489945,-1.753,4.824,9.755,11.107
2.418,-5.16924,7.233104,10.36721,13.657155,-3.031,5.706,10.077,12.07
2.429,-6.737489,8.28898,10.61382,15.058357,-4.455,6.699,10.321,13.181
2.438,-8.107015,9.29218,11.028029,16.54345,-5.922,7.74,10.561,14.437
2.45,-9.117398,10.343267,11.758284,18.12091,-7.283,8.789,10.942,15.845
2.458,-9.816526,11.348863,12.632194,19.614616,-8.445,9.818,11.508,17.334
2.468,-10.41749,12.318543,13.522864,21.050854,-9.365,10.826,12.235,18.832
2.48,-11.004087,13.247522,14.121433,22.271094,-10.089,11.815,13.009,20.264
2.489,-11.645753,14.095096,14.324946,23.227126,-10.721,12.753,13.65,21.541
2.498,-12.380795,14.748733,14.257907,23.960324,-11.362,13.602,14.057,22.627
2.509,-13.137386,15.045623,13.922708,24.347556,-12.042,14.284,14.157,23.452
2.518,-13.678492,14.997737,13.446247,24.3482,-12.711,14.722,13.988,23.971
2.529,-13.807783,14.504517,12.931479,23.838184,-13.251,14.824,13.64,24.124
2.538,-13.448642,13.702435,12.474172,22.896018,-13.518,14.563,13.194,23.857
2.549,-12.531634,12.555577,12.103059,21.474832,-13.367,13.94,12.739,23.139
2.558,-11.114223,11.12859,11.911517,19.729564,-12.726,12.973,12.355,21.985
2.569,-9.313729,9.478934,11.959403,17.878005,-11.602,11.716,12.112,20.495
2.579,-7.271412,7.819702,12.21559,16.224729,-10.058,10.246,12.047,18.827
2.589,-5.039948,6.246663,12.622617,14.958354,-8.185,8.668,12.177,17.198
2.598,-2.973689,4.814887,12.732754,13.933735,-6.15,7.09,12.383,15.749
2.61,-1.37192,3.584229,12.024048,12.621672,-4.164,5.616,12.399,14.435
2.618,-0.055068,2.624125,10.738322,11.054439,-2.36,4.317,12.029,13.142
2.629,1.197137,1.893871,9.093455,9.365406,-0.801,3.229,11.147,11.744
2.638,2.188367,1.223474,7.676045,8.075116,0.49,2.331,9.883,10.279
2.65,3.043123,0.675186,7.027196,7.68752,1.593,1.604,8.634,9.046
2.659,3.687183,0.136474,7.055928,7.962416,2.529,0.982,7.713,8.273
2.669,4.096604,-0.519558,7.616188,8.663627,3.254,0.379,7.344,8.097
2.679,4.553911,-1.173195,8.502069,9.715949,3.845,-0.22,7.55,8.507
2.689,5.274588,-1.738243,9.217958,10.761669,4.403,-0.824,8.098,9.276
2.698,6.000052,-2.214704,9.378374,11.351628,4.981,-1.411,8.679,10.123
2.708,6.533976,-2.552297,8.976136,11.392018,5.591,-1.92,9.019,10.805
2.718,6.720729,-2.703136,8.277008,10.999273,6.132,-2.302,8.962,11.126
2.729,6.601016,-2.700742,7.307327,10.210996,6.464,-2.543,8.485,10.988
2.738,6.275394,-2.679193,6.22272,9.234766,6.533,-2.659,7.696,10.459
2.749,5.947379,-2.547508,5.305713,8.3673,6.386,-2.658,6.778,9.703
2.758,5.684009,-2.387092,4.683201,7.741998,6.127,-2.579,5.88,8.889
2.77,5.394301,-2.219493,4.419831,7.318438,5.825,-2.458,5.158,8.166
2.781,4.96812,-2.071048,4.314483,6.898277,5.498,-2.306,4.681,7.582
2.788,4.494054,-1.905843,4.302512,6.506947,5.135,-2.146,4.43,7.116
2.798,4.072661,-1.711906,4.34082,6.193538,4.732,-1.977,4.344,6.729
2.81,3.818868,-1.369525,4.450957,6.022489,4.338,-1.765,4.352,6.405
2.818,3.732674,-0.888276,4.541939,5.94568,4.03,-1.469,4.409,6.167
2.829,3.553104,-0.268159,4.49166,5.733364,3.794,-1.059,4.456,5.974
2.838,3.009604,0.498009,4.254626,5.235224,3.529,-0.507,4.435,5.734
2.849,2.049499,1.398257,3.981679,4.691411,3.086,0.185,4.317,5.401
2.858,0.747014,2.57624,3.969708,4.790994,2.34,1.051,4.174,5.113
2.869,-0.737437,4.082239,4.163644,5.87745,1.267,2.139,4.092,5.149
2.878,-2.423006,5.784568,4.453351,7.691848,-0.091,3.46,4.142,5.763
2.889,-4.393494,7.735902,4.843618,10.129541,-1.702,5.045,4.358,7.122
2.898,-6.273,9.737515,5.245856,12.715689,-3.457,6.835,4.677,9.104
2.908,-7.944204,11.789409,5.863579,15.377974,-5.258,8.762,5.102,11.479
2.918,-9.438231,13.807783,6.720729,18.025075,-7.012,10.768,5.668,14.062
2.929,-10.846065,15.785454,8.059129,20.77901,-8.625,12.78,6.472,16.724
2.938,-12.301784,17.617075,9.802161,23.617315,-10.133,14.75,7.611,19.45
2.948,-13.96341,19.240393,11.90194,26.586195,-11.637,16.613,9.121,22.252
2.958,-15.622643,20.461473,13.731166,29.176768,-13.183,18.276,10.874,25.04
2.969,-16.874849,21.139051,14.720001,30.794455,-14.691,19.614,12.539,27.544
2.978,-17.375252,21.309046,14.77507,31.21342,-15.959,20.537,13.782,29.443
2.989,-17.080757,21.004972,14.128615,30.538154,-16.738,20.979,14.339,30.431
2.998,-16.305012,20.28669,13.0895,29.133112,-16.909,20.935,14.178,30.42
3.009,-14.997737,19.036879,11.746312,26.931592,-16.44,20.409,13.435,29.454
3.018,-13.393573,17.473417,10.5803,24.426438,-15.444,19.45,12.386,27.757
3.029,-11.497308,15.493352,9.91948,21.693966,-14.048,18.073,11.334,25.546
3.038,-9.287392,13.158935,9.924269,18.91836,-12.294,16.291,10.543,22.993
3.05,-6.838049,10.575512,10.46777,16.376036,-10.254,14.175,10.223,20.354
3.059,-4.42462,8.116591,10.740717,14.171073,-8.012,11.836,10.263,17.79
3.068,-2.24583,5.789357,9.797373,11.599522,-5.699,9.41,10.233,15.266
3.081,-0.332804,3.435784,8.016032,8.727666,-3.46,6.979,9.755,12.719
3.089,1.649655,1.000807,6.474119,6.755531,-1.338,4.586,8.757,10.313
3.098,3.778166,-1.345582,5.715134,6.981969,0.712,2.22,7.501,8.516
3.109,6.179623,-3.545921,5.99287,9.309983,2.819,-0.114,6.55,7.944
3.118,8.454185,-5.516409,6.888329,12.221009,5.015,-2.352,6.268,8.817
3.13,10.403124,-7.201979,8.126168,15.037556,7.204,-4.402,6.681,10.888
3.138,11.791803,-8.415876,8.7822,16.941093,9.207,-6.17,7.447,13.377
3.149,12.459806,-9.2419,8.403905,17.643274,10.777,-7.594,8.05,15.461
3.158,12.548394,-9.608225,7.407886,17.454425,11.801,-8.617,8.18,16.769
3.169,12.088694,-9.613013,6.167652,16.63089,12.222,-9.22,7.69,17.167
3.178,11.427874,-9.359221,5.150085,15.643359,12.131,-9.456,6.782,16.843
3.188,10.609032,-8.830086,4.484477,14.513184,11.668,-9.353,5.803,16.06
3.198,9.658504,-8.004061,4.271386,13.251281,10.946,-8.952,5.018,15.01
3.209,8.327288,-6.747066,4.40786,11.588609,10.006,-8.235,4.578,13.749
3.218,6.775798,-5.150085,4.630527,9.688994,8.843,-7.183,4.449,12.261
3.229,4.925023,-3.055095,4.826858,7.542414,7.422,-5.739,4.534,10.518
3.238,2.916227,-0.533923,4.91784,5.742352,5.736,-3.872,4.696,8.641
3.25,0.440547,2.607365,5.114171,5.757359,3.764,-1.533,4.872,7.183
3.258,-2.365544,6.023995,5.712739,8.63248,1.479,1.261,5.143,6.919
3.269,-5.657671,9.703996,6.598621,13.027608,-1.167,4.45,5.586,8.29
3.278,-9.210775,13.446247,7.412675,17.904963,-4.198,7.945,6.21,11.331
3.29,-12.634588,17.061602,8.123775,22.731624,-7.467,11.559,6.962,15.574
3.298,-15.431101,20.20768,8.710372,26.87638,-10.734,15.105,7.711,20.135
3.308,-17.471024,22.824621,9.064724,30.139163,-13.687,18.385,8.328,24.413
3.318,-18.840548,24.529345,9.047964,32.226086,-16.094,21.156,8.737,27.993
3.33,-19.419964,25.15904,8.636149,32.934715,-17.791,23.18,8.865,30.544
3.338,-19.312222,24.905247,7.884347,32.486861,-18.761,24.355,8.658,31.947
3.349,-18.311413,23.806274,6.91706,30.820321,-18.971,24.6,8.121,32.117
3.358,-16.544439,22.094368,6.012024,28.249318,-18.397,23.991,7.362,31.123
3.37,-14.31058,19.822201,5.458947,25.050199,-17.12,22.657,6.568,29.152
3.378,-11.746312,17.269905,5.389513,21.570172,-15.228,20.748,5.944,26.423
3.389,-8.913885,14.47818,5.583449,17.895528,-12.879,18.416,5.611,23.191
3.398,-6.203566,11.573924,5.676826,14.306163,-10.294,15.786,5.527,19.706
3.409,-3.739857,8.607418,4.956149,10.613086,-7.651,12.982,5.401,16.096
3.418,-1.37192,5.564295,3.823657,6.889404,-5.057,10.056,5.01,12.426
3.428,1.278543,2.284138,2.923409,3.924064,-2.509,7.007,4.345,8.933
3.438,4.268992,-1.039115,2.729473,5.172434,0.109,3.854,3.608,6.65
3.45,7.771816,-4.410254,3.718309,9.678703,2.987,0.6,3.299,6.416
3.458,11.411114,-7.419858,5.643306,14.734813,6.183,-2.646,3.754,8.378
3.469,14.621837,-10.039194,7.982512,19.450039,9.518,-5.727,5.018,12.259
3.478,16.908369,-12.047991,9.90272,23.002411,12.678,-8.479,6.812,16.716
3.49,18.115084,-13.455825,10.628186,24.943413,15.264,-10.741,8.539,20.533
3.498,18.347328,-14.186078,10.235525,25.350252,16.998,-12.432,9.687,23.187
3.509,17.449474,-14.368043,8.978531,24.321571,17.705,-13.514,9.936,24.404
3.518,15.31857,-14.061576,7.57788,22.131669,17.308,-14.018,9.355,24.187
3.53,12.361641,-13.058374,6.414262,19.091204,15.869,-13.919,8.302,22.724
3.539,9.620196,-11.602655,5.540352,16.058185,13.687,-13.273,7.128,20.401
3.549,7.187613,-9.641745,5.183605,13.095602,11.122,-12.091,6.179,17.594
3.558,4.709538,-6.845232,5.360781,9.88812,8.47,-10.287,5.625,14.533
3.569,0.804476,-3.095797,5.765414,6.593265,5.58,-7.796,5.463,11.409
3.579,-4.034353,1.051087,6.043149,7.341692,2.167,-4.633,5.588,9.23
3.589,-8.980925,5.482889,6.182017,12.203951,-1.875,-0.852,5.838,9.007
3.598,-13.087106,9.996098,6.273,17.622282,-6.324,3.359,6.066,10.94
3.609,-16.44388,14.071153,6.395108,22.567586,-10.637,7.65,6.223,14.934
3.618,-19.288279,17.471024,6.555524,26.83746,-14.45,11.755,6.351,19.808
3.629,-21.553263,20.028109,6.301731,30.089533,-17.593,15.392,6.381,24.279
3.638,-22.755188,21.629879,5.446975,31.864084,-20.01,18.3,6.175,27.84
3.649,-22.750399,22.022539,4.295329,31.953446,-21.587,20.288,5.65,30.186
3.658,-21.869307,21.450308,3.486064,30.830746,-22.232,21.283,4.883,31.184
3.668,-19.992195,19.944309,3.306494,28.432311,-21.842,21.262,4.134,30.77
3.678,-17.432714,17.777491,3.620143,25.160369,-20.511,20.299,3.677,29.094
3.69,-13.96341,15.059989,3.933794,20.910639,-18.314,18.558,3.587,26.334
3.698,-10.223554,12.253899,3.893091,16.426662,-15.403,16.259,3.688,22.732
3.709,-6.450176,9.486116,3.706337,12.055212,-12.017,13.644,3.788,18.638
3.717,-2.947352,6.979311,3.806897,8.478805,-8.396,10.945,3.835,14.468
3.728,0.131685,4.795732,4.539545,6.604836,-4.872,8.379,3.986,10.891
3.737,2.406246,3.059883,5.523592,6.757439,-1.715,6.08,4.394,8.474
3.747,4.039142,1.91542,6.524399,7.908937,0.907,4.188,5.099,7.438
3.757,5.214731,1.314457,7.223527,9.005585,2.948,2.771,5.953,7.569
3.77,5.770202,1.309668,7.568303,9.606751,4.358,1.9,6.71,8.32
3.778,5.782174,1.68557,7.652102,9.738036,5.202,1.556,7.242,9.065
3.788,5.276982,2.391881,7.506052,9.482006,5.511,1.675,7.487,9.458
3.797,4.415043,3.308888,7.161276,9.0402,5.311,2.174,7.472,9.467
3.809,3.342408,4.316877,6.720729,8.658829,4.704,2.926,7.26,9.23
3.817,2.264984,5.28177,6.311308,8.535799,3.825,3.825,6.925,8.929
3.831,1.376708,6.136526,6.002447,8.693771,2.85,4.761,6.549,8.732
3.838,0.806871,6.79974,5.808511,8.979215,1.948,5.634,6.211,8.717
3.851,0.545895,7.254653,5.736682,9.264853,1.249,6.368,5.965,8.868
3.857,0.445335,7.575486,5.703163,9.492754,0.794,6.942,5.813,9.108
3.867,0.378295,7.762239,5.631334,9.59726,0.544,7.348,5.72,9.334
3.878,0.284919,7.903501,5.557112,9.665816,0.414,7.624,5.657,9.505
3.889,0.150839,7.994483,5.511621,9.711461,0.315,7.809,5.601,9.617
3.897,0.088588,8.073495,5.542746,9.793427,0.226,7.933,5.561,9.692
3.908,0.138868,8.12138,5.643306,9.890551,0.166,8.023,5.564,9.765
3.917,0.249005,8.157294,5.774991,9.997699,0.157,8.087,5.618,9.848
3.929,0.34717,8.169266,5.85879,10.058969,0.206,8.13,5.705,9.935
3.937,0.440547,8.166871,5.877944,10.071847,0.294,8.154,5.789,10.005
3.947,0.572232,8.142929,5.844425,10.039524,0.402,8.159,5.839,10.042
3.957,0.715888,8.099832,5.832453,10.006861,0.519,8.145,5.853,10.044
3.968,0.87391,8.006455,5.899493,9.98354,0.651,8.104,5.864,10.025
3.977,1.034327,7.903501,6.028784,9.994068,0.799,8.038,5.901,10.006
3.988,1.20432,7.80773,6.217932,10.053542,0.957,7.954,5.995,10.01
3.997,1.3384,7.745479,6.3568,10.109038,1.113,7.866,6.126,10.035
4.008,1.357554,7.709565,6.419051,10.123466,1.234,7.792,6.256,10.07
4.017,1.312063,7.709565,6.411868,10.11291,1.303,7.743,6.351,10.1
4.028,1.18756,7.747873,6.261029,10.031965,1.299,7.728,6.362,10.094
4.037,1.02475,7.80773,6.035967,9.921878,1.22,7.744,6.282,10.048
4.049,0.919402,7.872375,5.842031,9.846264,1.111,7.784,6.138,9.978
4.057,0.878699,7.913078,5.707951,9.796409,1.003,7.835,5.962,9.899
4.068,0.871516,7.922655,5.691191,9.793756,0.924,7.879,5.819,9.84
4.077,0.897853,7.913078,5.784568,9.842976,0.892,7.905,5.756,9.82
4.089,0.936161,7.901107,5.906676,9.909224,0.896,7.912,5.773,9.836
4.097,0.912219,7.903501,5.949773,9.93465,0.904,7.91,5.833,9.87
4.107,0.854756,7.922655,5.913859,9.923346,0.9,7.91,5.889,9.903
4.117,0.778139,7.92505,5.906676,9.914673,0.87,7.913,5.919,9.92
4.129,0.718282,7.927444,5.973716,9.952164,0.816,7.92,5.936,9.931
4.137,0.682368,7.920261,6.043149,9.985781,0.758,7.924,5.959,9.944
4.148,0.672791,7.920261,6.069487,10.001092,0.713,7.923,5.998,9.963
4.157,0.696734,7.913078,5.99287,9.950715,0.693,7.92,6.02,9.972
4.168,0.754197,7.901107,5.911465,9.896551,0.702,7.914,6.004,9.959
4.177,0.842785,7.865193,5.851608,9.839353,0.742,7.9,5.956,9.922
4.187,0.933767,7.788576,5.801328,9.756497,0.807,7.867,5.889,9.861
4.198,0.969681,7.680834,5.777385,9.6599,0.875,7.809,5.835,9.788
4.209,0.897853,7.54436,5.842031,9.583988,0.911,7.72,5.818,9.71
4.217,0.895459,7.455772,5.980898,9.60008,0.924,7.617,5.85,9.65
4.227,0.993624,7.415069,6.110189,9.659449,0.939,7.524,5.928,9.626
4.237,1.031932,7.431829,6.107795,9.674819,0.955,7.462,6.01,9.63
4.248,0.92419,7.496474,6.016813,9.656775,0.961,7.45,6.054,9.648
4.257,0.742225,7.580274,5.904282,9.637012,0.923,7.481,6.035,9.657
4.267,0.581809,7.644919,5.806117,9.617395,0.82,7.538,5.959,9.647
4.277,0.505192,7.664073,5.751048,9.595196,0.688,7.596,5.87,9.627
4.288,0.5435,7.62816,5.751048,9.568634,0.593,7.629,5.803,9.605
4.299,0.639271,7.534783,5.784568,9.520654,0.567,7.618,5.773,9.575
4.307,0.785322,7.405492,5.842031,9.46506,0.618,7.558,5.782,9.537
4.317,0.993624,7.266624,5.897099,9.410999,0.74,7.459,5.819,9.491
4.328,1.245023,7.110996,5.832453,9.280833,0.916,7.329,5.839,9.419
4.337,1.460508,6.979311,5.717528,9.139693,1.121,7.191,5.822,9.324
4.347,1.632895,6.929031,5.614574,9.066491,1.333,7.071,5.765,9.225
4.357,1.702329,6.948185,5.559506,9.059984,1.51,6.992,5.681,9.137
4.37,1.599376,7.041562,5.593026,9.133649,1.599,6.975,5.621,9.1
4.377,1.379102,7.201979,5.719923,9.299889,1.578,7.03,5.622,9.14
4.388,1.005595,7.410281,5.861185,9.501419,1.422,7.151,5.683,9.249
4.397,0.553077,7.647314,5.97611,9.721172,1.134,7.325,5.788,9.414
4.408,0.153234,7.898713,6.004841,9.923269,0.773,7.54,5.891,9.611
4.417,-0.165205,8.128563,5.966533,10.084658,0.387,7.771,5.952,9.808
4.427,-0.38069,8.315316,5.918647,10.213706,0.04,7.997,5.967,9.986
4.437,-0.488432,8.439818,5.889916,10.303408,-0.22,8.196,5.945,10.131
4.448,-0.512375,8.506859,5.897099,10.363636,-0.387,8.348,5.918,10.241
4.457,-0.500403,8.530801,5.952167,10.414089,-0.47,8.448,5.914,10.324
4.467,-0.466884,8.526012,6.067092,10.474754,-0.492,8.501,5.952,10.389
4.477,-0.442941,8.487704,6.244269,10.546479,-0.481,8.513,6.04,10.45
4.489,-0.392661,8.432636,6.414262,10.602184,-0.451,8.494,6.169,10.509
4.499,-0.332804,8.363202,6.51961,10.609393,-0.409,8.452,6.311,10.558
4.507,-0.33041,8.274613,6.526793,10.54407,-0.375,8.39,6.426,10.576
4.517,-0.33041,8.200391,6.507639,10.474013,-0.347,8.318,6.492,10.557
4.529,-0.282524,8.111803,6.445388,10.364564,-0.319,8.238,6.5,10.498
4.537,-0.205908,8.03758,6.378348,10.262963,-0.287,8.156,6.465,10.411
4.548,-0.138868,7.960964,6.316097,10.163135,-0.239,8.078,6.412,10.316
4.557,-0.117319,7.89153,6.292154,10.093622,-0.186,8,6.358,10.221
4.568,-0.122108,7.822096,6.299337,10.04399,-0.146,7.928,6.321,10.141
4.577,-0.105348,7.762239,6.335251,10.019923,-0.121,7.859,6.311,10.08
4.587,-0.071828,7.709565,6.337646,9.980396,-0.104,7.796,6.316,10.034
4.597,-0.038308,7.661679,6.273,9.902188,-0.084,7.739,6.311,9.987
4.609,-0.028731,7.630554,6.203566,9.834145,-0.061,7.691,6.287,9.934
4.617,-0.047885,7.609005,6.165257,9.793347,-0.047,7.653,6.245,9.878
4.627,-0.06704,7.59464,6.186806,9.795898,-0.045,7.624,6.207,9.831
4.637,-0.069434,7.573091,6.244269,9.815673,-0.053,7.602,6.2,9.81
4.648,-0.06704,7.549149,6.32328,9.847741,-0.063,7.581,6.23,9.813
4.657,-0.055068,7.534783,6.385531,9.876791,-0.065,7.563,6.285,9.834
4.667,-0.028731,7.525206,6.368771,9.858539,-0.055,7.546,6.33,9.85
4.677,-0.002394,7.539571,6.284971,9.8156,-0.038,7.537,6.341,9.85
4.688,0.021548,7.570697,6.138921,9.74691,-0.016,7.543,6.295,9.824
4.699,0.057463,7.599428,6.033573,9.703536,0.012,7.559,6.207,9.781
4.707,0.086194,7.609005,6.00963,9.696394,0.041,7.58,6.117,9.741
4.717,0.124502,7.620977,6.069487,9.74338,0.072,7.6,6.063,9.723
4.729,0.169994,7.62816,6.138921,9.793062,0.11,7.614,6.063,9.734
4.737,0.227456,7.62816,6.22272,9.846969,0.152,7.622,6.11,9.77
4.748,0.284919,7.620977,6.244269,9.856539,0.202,7.625,6.169,9.81
4.758,0.332804,7.620977,6.208354,9.83533,0.254,7.625,6.204,9.833
4.768,0.33041,7.652102,6.141315,9.817311,0.294,7.631,6.204,9.839
4.777,0.284919,7.661679,6.064698,9.775637,0.308,7.639,6.165,9.821
4.787,0.21309,7.664073,6.050333,9.766778,0.29,7.65,6.116,9.799
4.797,0.136474,7.654497,6.074275,9.772756,0.241,7.658,6.083,9.783
4.809,0.076617,7.630554,6.1892,9.825346,0.178,7.653,6.095,9.785
4.817,0.026337,7.604217,6.311308,9.882177,0.113,7.638,6.156,9.812
4.828,0.002394,7.56112,6.428628,9.924606,0.06,7.613,6.251,9.851
4.837,0.01676,7.537177,6.526793,9.970374,0.031,7.583,6.364,9.901
4.849,0.040703,7.508446,6.579467,9.983376,0.022,7.553,6.462,9.94
4.858,0.069434,7.489292,6.62017,9.996047,0.032,7.524,6.539,9.969
4.867,0.107742,7.474926,6.656084,10.009475,0.059,7.502,6.596,9.99
4.877,0.131685,7.462955,6.663267,10.005606,0.087,7.484,6.63,9.999
4.888,0.124502,7.448589,6.629747,9.972488,0.108,7.469,6.642,9.996
4.897,0.107742,7.434223,6.577073,9.926589,0.118,7.455,6.632,9.979
4.908,0.102954,7.415069,6.517216,9.872586,0.117,7.44,6.597,9.944
4.917,0.141262,7.383944,6.428628,9.791314,0.119,7.42,6.538,9.891
4.929,0.227456,7.352818,6.426234,9.767915,0.145,7.397,6.487,9.84
4.937,0.306467,7.319298,6.459754,9.767009,0.195,7.368,6.458,9.8
4.947,0.36393,7.271412,6.493273,9.755434,0.26,7.332,6.452,9.77
4.957,0.383084,7.216344,6.510033,9.726403,0.32,7.29,6.472,9.754
4.969,0.342381,7.161276,6.510033,9.684092,0.349,7.242,6.493,9.733
4.977,0.294496,7.122968,6.498062,9.64615,0.346,7.193,6.503,9.703
4.987,0.284919,7.084659,6.421445,9.566009,0.326,7.146,6.485,9.656
4.997,0.301679,7.051139,6.380743,9.514381,0.306,7.105,6.453,9.603
5.008,0.320833,7.039168,6.380743,9.50614,0.3,7.074,6.42,9.558
5.018,0.38069,7.048745,6.378348,9.513835,0.322,7.056,6.39,9.525
5.027,0.454912,7.067899,6.385531,9.536097,0.365,7.052,6.381,9.518
5.037,0.495615,7.115785,6.359194,9.556117,0.413,7.068,6.376,9.528
5.049,0.490826,7.187613,6.354405,9.606308,0.456,7.105,6.369,9.553
5.057,0.447729,7.26423,6.30652,9.630249,0.472,7.159,6.351,9.582
5.067,0.387873,7.316904,6.277789,9.648738,0.456,7.221,6.324,9.61
5.078,0.332804,7.34803,6.304126,9.68743,0.415,7.279,6.311,9.643
5.089,0.304073,7.340847,6.390319,9.737385,0.368,7.318,6.32,9.676
5.097,0.284919,7.326481,6.486091,9.789171,0.327,7.333,6.365,9.716
5.108,0.294496,7.302538,6.545948,9.811383,0.304,7.329,6.432,9.756
5.117,0.339987,7.288173,6.610593,9.845455,0.306,7.315,6.508,9.796
5.129,0.39745,7.292961,6.65369,9.880123,0.329,7.303,6.574,9.832
5.137,0.407027,7.295355,6.668056,9.891959,0.36,7.295,6.62,9.857
5.147,0.335198,7.307327,6.646507,9.883594,0.37,7.296,6.645,9.875
5.157,0.205908,7.312115,6.591439,9.846649,0.336,7.302,6.64,9.876
5.169,0.028731,7.314509,6.526793,9.803158,0.244,7.307,6.608,9.856
5.177,-0.110137,7.326481,6.447782,9.760295,0.115,7.315,6.553,9.823
5.187,-0.160416,7.345635,6.404685,9.747003,-0.009,7.325,6.493,9.789
5.197,-0.155628,7.369578,6.387925,9.753999,-0.099,7.339,6.442,9.766
5.209,-0.098165,7.415069,6.359194,9.768942,-0.131,7.364,6.4,9.758
5.217,-0.05028,7.462955,6.325674,9.78327,-0.116,7.398,6.369,9.763
5.227,-0.023943,7.515629,6.280183,9.794179,-0.082,7.441,6.338,9.775
5.237,-0.01676,7.553937,6.215538,9.78239,-0.047,7.487,6.295,9.782
5.249,-0.014366,7.570697,6.148498,9.752932,-0.026,7.526,6.242,9.778
5.257,-0.021548,7.558725,6.114978,9.722539,-0.019,7.55,6.19,9.763
5.268,-0.047885,7.525206,6.100612,9.687543,-0.025,7.552,6.145,9.736
5.278,-0.076617,7.49408,6.067092,9.642443,-0.04,7.537,6.108,9.701
5.289,-0.090982,7.513234,6.071881,9.660471,-0.059,7.523,6.089,9.678
5.297,-0.129291,7.556331,6.119766,9.724525,-0.086,7.522,6.09,9.679
5.307,-0.186753,7.609005,6.203566,9.819169,-0.121,7.543,6.116,9.712
5.317,-0.244216,7.676045,6.28976,9.926852,-0.163,7.589,6.171,9.783
5.329,-0.284919,7.731113,6.320886,9.99024,-0.211,7.643,6.233,9.865
5.337,-0.299284,7.79097,6.282577,10.01297,-0.254,7.702,6.274,9.937
5.347,-0.301679,7.843644,6.165257,9.98119,-0.283,7.76,6.265,9.978
5.357,-0.337593,7.877164,5.997658,9.90634,-0.306,7.811,6.192,9.973
5.369,-0.41421,7.901107,5.827665,9.826532,-0.338,7.853,6.068,9.932
5.378,-0.481249,7.920261,5.69598,9.767616,-0.384,7.886,5.922,9.87
5.388,-0.509981,7.92505,5.676826,9.761806,-0.436,7.906,5.8,9.816
5.397,-0.493221,7.917867,5.777385,9.813973,-0.475,7.916,5.744,9.792
5.408,-0.464489,7.884347,5.937801,9.881101,-0.487,7.912,5.772,9.806
5.417,-0.442941,7.846038,6.083852,9.938298,-0.478,7.893,5.869,9.849
5.428,-0.430969,7.80773,6.20596,9.983002,-0.458,7.864,6.001,9.904
5.437,-0.416604,7.759845,6.280183,9.991469,-0.439,7.824,6.127,9.948
5.448,-0.416604,7.726325,6.273,9.960933,-0.427,7.785,6.211,9.968
5.457,-0.440547,7.709565,6.213143,9.911338,-0.426,7.751,6.243,9.962
5.468,-0.447729,7.731113,6.155681,9.892572,-0.43,7.732,6.231,9.939
5.477,-0.462095,7.764633,6.136526,9.907573,-0.442,7.733,6.195,9.918
5.488,-0.502798,7.802942,6.172441,9.961814,-0.463,7.752,6.169,9.918
5.498,-0.569837,7.831673,6.23948,10.029503,-0.496,7.783,6.176,9.948
5.508,-0.634483,7.831673,6.366377,10.112785,-0.542,7.808,6.229,10.003
5.517,-0.64406,7.814913,6.526793,10.202289,-0.588,7.82,6.326,10.077
5.528,-0.608146,7.771816,6.65369,10.249027,-0.614,7.813,6.447,10.148
5.537,-0.56026,7.733508,6.691998,10.242259,-0.612,7.788,6.56,10.202
5.547,-0.538712,7.702382,6.60341,10.159819,-0.588,7.756,6.619,10.213
5.557,-0.524346,7.690411,6.450176,10.050976,-0.558,7.725,6.6,10.176
5.569,-0.548289,7.716748,6.277789,9.962903,-0.543,7.711,6.506,10.104
5.577,-0.569837,7.74069,6.146103,9.900383,-0.545,7.713,6.369,10.019
5.588,-0.574626,7.762239,6.110189,9.8953,-0.554,7.728,6.246,9.952
5.598,-0.565049,7.771816,6.153286,9.928915,-0.564,7.748,6.172,9.922
5.609,-0.555472,7.795759,6.20596,9.979797,-0.566,7.768,6.154,9.926
5.617,-0.57702,7.812519,6.234692,10.011982,-0.568,7.786,6.176,9.954
5.628,-0.622511,7.831673,6.193989,10.004405,-0.58,7.803,6.197,9.981
5.637,-0.684763,7.862799,6.062304,9.952087,-0.61,7.826,6.174,9.987
5.649,-0.758985,7.884347,5.961744,9.913697,-0.661,7.848,6.113,9.971
5.657,-0.809265,7.901107,5.933013,9.91378,-0.719,7.87,6.038,9.946
5.667,-0.87391,7.898713,6.021601,9.97061,-0.782,7.887,5.995,9.938
5.677,-0.938556,7.889135,6.131738,10.035813,-0.845,7.893,6.012,9.958
5.688,-0.964893,7.898713,6.217932,10.098681,-0.897,7.897,6.076,10.005
5.697,-0.986441,7.927444,6.263423,10.151251,-0.941,7.904,6.159,10.064
5.707,-1.031932,7.956175,6.28976,10.194444,-0.98,7.918,6.226,10.12
5.717,-1.094184,7.968146,6.301731,10.217652,-1.019,7.938,6.268,10.166
5.729,-1.130098,7.982512,6.277789,10.218035,-1.061,7.959,6.283,10.195
5.737,-1.130098,7.984907,6.225114,10.187635,-1.097,7.973,6.274,10.204
5.748,-1.106155,7.968146,6.150892,10.126618,-1.115,7.976,6.239,10.187
5.757,-1.079818,7.956175,6.086246,10.075174,-1.112,7.973,6.185,10.152
5.768,-1.055875,7.922655,6.047938,10.023018,-1.093,7.958,6.128,10.103
5.777,-1.015172,7.886741,6.019207,9.973069,-1.064,7.933,6.076,10.049
5.787,-0.964893,7.84125,6.000052,9.920527,-1.029,7.902,6.038,9.998
5.798,-0.92419,7.795759,6.00963,9.886538,-0.99,7.862,6.019,9.951
5.809,-0.895459,7.745479,6.045544,9.86625,-0.95,7.817,6.019,9.912
5.817,-0.871516,7.711959,6.069487,9.852539,-0.914,7.774,6.031,9.881
5.828,-0.806871,7.692805,6.067092,9.830559,-0.875,7.737,6.048,9.859
5.837,-0.732648,7.690411,6.050333,9.812528,-0.827,7.71,6.058,9.84
5.849,-0.675186,7.709565,6.014418,9.801351,-0.772,7.701,6.05,9.824
5.857,-0.646454,7.72393,5.973716,9.785821,-0.715,7.704,6.026,9.808
5.867,-0.639271,7.728719,5.95935,9.780369,-0.673,7.713,5.999,9.795
5.877,-0.646454,7.731113,5.961744,9.784192,-0.652,7.723,5.977,9.788
5.889,-0.663214,7.72393,5.966533,9.78256,-0.649,7.727,5.965,9.783
5.897,-0.701523,7.714354,5.973716,9.782058,-0.663,7.725,5.965,9.782
5.907,-0.720677,7.70717,6.000052,9.7939,-0.683,7.719,5.976,9.786
5.917,-0.718282,7.695199,6.067092,9.82556,-0.701,7.71,6.002,9.796
5.929,-0.7111,7.666468,6.179623,9.872595,-0.713,7.696,6.055,9.819
5.938,-0.701523,7.637737,6.296943,9.923641,-0.713,7.677,6.136,9.854
5.947,-0.679974,7.616188,6.373559,9.954443,-0.703,7.654,6.229,9.894
5.957,-0.64406,7.604217,6.361588,9.935226,-0.684,7.631,6.303,9.921
5.968,-0.588992,7.597034,6.294549,9.88348,-0.654,7.614,6.332,9.924
5.977,-0.531529,7.604217,6.225114,9.841681,-0.611,7.605,6.314,9.904
5.988,-0.483644,7.616188,6.155681,9.804725,-0.562,7.605,6.259,9.866
5.997,-0.469278,7.632948,6.064698,9.76026,-0.518,7.613,6.185,9.823
6.008,-0.498009,7.649708,6.002447,9.736293,-0.496,7.626,6.112,9.786
6.017,-0.531529,7.661679,5.997658,9.744524,-0.496,7.64,6.055,9.761
6.028,-0.550683,7.659285,6.071881,9.789568,-0.512,7.651,6.034,9.758
6.037,-0.557866,7.654497,6.186806,9.857946,-0.535,7.656,6.065,9.782
6.048,-0.567443,7.637737,6.304126,9.919628,-0.552,7.653,6.14,9.828
6.057,-0.569837,7.625765,6.387925,9.964065,-0.561,7.644,6.238,9.883
6.067,-0.56026,7.604217,6.419051,9.967056,-0.564,7.631,6.324,9.927
6.077,-0.538712,7.592246,6.399897,9.9444,-0.559,7.615,6.378,9.949
6.088,-0.519558,7.582668,6.335251,9.894554,-0.547,7.601,6.386,9.943
6.098,-0.524346,7.57788,6.237086,9.828553,-0.536,7.589,6.348,9.909
6.108,-0.548289,7.575486,6.129344,9.759993,-0.533,7.582,6.275,9.857
6.117,-0.579414,7.582668,6.047938,9.716488,-0.543,7.58,6.187,9.8
6.129,-0.61054,7.597034,6.021601,9.713257,-0.566,7.583,6.109,9.755
6.137,-0.634483,7.606611,6.035967,9.731187,-0.593,7.59,6.059,9.73
6.147,-0.608146,7.604217,6.107795,9.772365,-0.608,7.598,6.053,9.733
6.157,-0.572232,7.592246,6.182017,9.807496,-0.606,7.6,6.087,9.756
6.169,-0.557866,7.585063,6.227509,9.829865,-0.593,7.597,6.138,9.785
6.177,-0.565049,7.59464,6.241874,9.846768,-0.576,7.594,6.19,9.814
6.188,-0.533923,7.625765,6.249057,9.873605,-0.557,7.599,6.225,9.839
6.197,-0.541106,7.632948,6.241874,9.875003,-0.549,7.61,6.24,9.856
6.208,-0.598569,7.654497,6.253846,9.902534,-0.56,7.627,6.247,9.874
6.217,-0.663214,7.678439,6.253846,9.925163,-0.584,7.648,6.25,9.894
6.228,-0.703917,7.695199,6.210749,9.913879,-0.627,7.665,6.24,9.904
6.237,-0.689551,7.685622,6.170046,9.879967,-0.664,7.678,6.222,9.905
6.249,-0.641666,7.647314,6.179623,9.852963,-0.675,7.677,6.204,9.893
6.257,-0.596174,7.6114,6.225114,9.850933,-0.658,7.66,6.196,9.874
6.267,-0.548289,7.585063,6.268211,9.855165,-0.619,7.632,6.211,9.86
6.278,-0.514769,7.568303,6.277789,9.846564,-0.575,7.603,6.238,9.851
6.288,-0.509981,7.563514,6.263423,9.833478,-0.542,7.582,6.259,9.847
6.297,-0.514769,7.570697,6.246663,9.828593,-0.522,7.572,6.264,9.841
6.307,-0.476461,7.585063,6.244269,9.836213,-0.504,7.572,6.258,9.836
6.317,-0.483644,7.568303,6.277789,9.844986,-0.496,7.572,6.258,9.836
6.328,-0.488432,7.565908,6.328068,9.875525,-0.491,7.572,6.274,9.846
6.337,-0.498009,7.558725,6.361588,9.892024,-0.487,7.57,6.303,9.862
6.347,-0.531529,7.539571,6.409474,9.910046,-0.5,7.558,6.344,9.881
6.357,-0.562655,7.522811,6.447782,9.923869,-0.52,7.547,6.387,9.9
6.369,-0.567443,7.522811,6.447782,9.924141,-0.54,7.536,6.417,9.913
6.378,-0.553077,7.537177,6.409474,9.909404,-0.554,7.531,6.429,9.917
6.387,-0.541106,7.558725,6.349617,9.886595,-0.556,7.535,6.414,9.911
6.397,-0.52674,7.59464,6.287365,9.873549,-0.547,7.553,6.374,9.898
6.409,-0.531529,7.625765,6.232297,9.862877,-0.538,7.579,6.32,9.883
6.417,-0.533923,7.647314,6.203566,9.861577,-0.533,7.607,6.268,9.871
6.427,-0.514769,7.661679,6.215538,9.879232,-0.527,7.632,6.235,9.869
6.437,-0.471672,7.659285,6.268211,9.908461,-0.513,7.649,6.23,9.878
6.448,-0.457306,7.654497,6.292154,9.919257,-0.494,7.656,6.245,9.892
6.457,-0.500403,7.642525,6.251451,9.886316,-0.486,7.654,6.257,9.898
6.468,-0.600963,7.635343,6.177229,9.839602,-0.508,7.648,6.247,9.888
6.477,-0.730254,7.62816,6.07667,9.77998,-0.572,7.64,6.199,9.856
6.488,-0.833208,7.625765,6.043149,9.765562,-0.666,7.633,6.137,9.818
6.497,-0.864333,7.623371,6.071881,9.784201,-0.757,7.628,6.092,9.792
6.507,-0.811659,7.613794,6.158075,9.826013,-0.81,7.623,6.087,9.789
6.517,-0.718282,7.620977,6.282577,9.902828,-0.807,7.621,6.139,9.82
6.528,-0.668003,7.654497,6.371165,9.981448,-0.766,7.628,6.221,9.874
6.537,-0.699128,7.702382,6.392714,10.034055,-0.724,7.648,6.301,9.936
6.548,-0.792505,7.764633,6.352011,10.063083,-0.719,7.686,6.35,9.995
6.557,-0.90743,7.829278,6.258635,10.06437,-0.767,7.738,6.344,10.036
6.568,-1.043904,7.884347,6.141315,10.048304,-0.861,7.795,6.286,10.052
6.577,-1.15404,7.922655,6.021601,10.017982,-0.974,7.85,6.193,10.048
6.588,-1.20432,7.920261,5.913859,9.957643,-1.077,7.889,6.084,10.022
6.597,-1.163618,7.872375,5.846819,9.874897,-1.141,7.9,5.981,9.975
6.608,-1.043904,7.786181,5.85879,9.799989,-1.141,7.875,5.91,9.913
6.618,-0.89067,7.678439,5.90907,9.729791,-1.076,7.814,5.882,9.841
6.627,-0.708705,7.551543,5.985687,9.662117,-0.952,7.722,5.9,9.767
6.637,-0.509981,7.448589,6.081458,9.629418,-0.788,7.616,5.959,9.705
6.649,-0.33041,7.439012,6.217932,9.701069,-0.61,7.529,6.049,9.681
6.657,-0.244216,7.592246,6.383137,9.92201,-0.448,7.508,6.167,9.729
6.668,-0.421392,7.937021,6.462148,10.243692,-0.377,7.604,6.286,9.874
6.677,-0.902642,8.590658,6.126949,10.590263,-0.475,7.89,6.298,10.114
6.689,-1.690358,9.452597,5.286559,10.961596,-0.815,8.393,6.065,10.429
6.698,-2.571451,10.225947,4.482082,11.457374,-1.396,9.052,5.589,10.813
6.708,-3.335225,10.870008,4.132518,12.097872,-2.125,9.785,5.007,11.277
6.718,-3.902668,11.27464,4.410254,12.720011,-2.875,10.456,4.578,11.809
6.728,-4.479688,11.394354,5.221913,13.310421,-3.572,10.941,4.562,12.396
6.738,-4.860378,11.356046,6.30652,13.86922,-4.144,11.224,5.018,12.999
6.748,-4.91784,11.236332,7.479714,14.366156,-4.54,11.315,5.855,13.566
6.757,-4.529968,11.126195,8.526012,14.731114,-4.697,11.278,6.884,14.069
6.768,-3.766194,11.006481,9.191621,14.826083,-4.519,11.181,7.876,14.448
6.777,-2.971295,10.867614,9.488511,14.729748,-4.046,11.059,8.671,14.663
6.787,-2.241041,10.7479,9.450203,14.48606,-3.377,10.937,9.164,14.693
6.797,-1.699935,10.68086,9.198804,14.198188,-2.67,10.826,9.332,14.56
6.809,-1.513182,10.642551,8.839663,13.917372,-2.106,10.735,9.244,14.333
6.818,-1.573039,10.659311,8.475733,13.708881,-1.757,10.683,8.991,14.078
6.828,-1.824437,10.530021,8.159689,13.445833,-1.653,10.628,8.668,13.818
6.837,-2.12851,10.252285,7.901107,13.117446,-1.76,10.521,8.344,13.547
6.851,-2.413429,9.802161,7.788576,12.750252,-1.985,10.311,8.081,13.256
6.857,-2.528354,9.105427,7.817307,12.264243,-2.224,9.922,7.917,12.894
6.867,-2.44216,7.992089,8.147717,11.671458,-2.378,9.288,7.914,12.451
6.877,-2.202733,6.3568,8.837268,11.106675,-2.397,8.314,8.148,11.948
6.889,-1.56825,4.237866,9.809344,10.8001,-2.185,6.923,8.653,11.461
6.897,-0.514769,2.183579,10.197216,10.441083,-1.682,5.193,9.248,11.005
6.908,0.933767,0.098165,9.325701,9.372847,-0.838,3.219,9.542,10.43
6.917,2.578634,-1.922603,7.757451,8.397845,0.357,1.149,9.272,9.753
6.928,4.929812,-3.909851,6.124555,8.78067,1.982,-0.888,8.351,9.248
6.937,7.831673,-5.660066,4.970514,10.866345,4.068,-2.849,7.045,9.354
6.947,10.822123,-7.089447,4.37434,13.656993,6.541,-4.645,5.807,10.425
6.957,12.87641,-8.200391,4.261809,15.849649,9.115,-6.215,4.933,12.288
6.968,13.336111,-9.014444,4.041536,16.596568,11.217,-7.491,4.412,14.242
6.977,12.546,-9.304152,3.488458,16.004333,12.395,-8.402,4.042,15.527
6.988,11.133378,-8.954588,2.552297,14.51382,12.473,-8.868,3.586,15.741
6.997,9.081485,-7.70717,1.546702,12.011084,11.524,-8.745,2.907,14.781
7.009,5.966533,-5.16924,1.022355,7.960261,9.682,-7.784,2.152,12.622
7.017,2.109356,-1.924997,1.142069,3.075601,7.073,-5.939,1.566,9.39
7.027,-2.130905,2.035134,2.130905,3.636383,3.757,-3.192,1.461,6.671
7.037,-5.897099,6.325674,3.756617,9.428791,0.012,0.317,2.013,6.025
7.049,-8.870789,11.24112,5.868368,15.47551,-3.697,4.419,3.224,7.904
7.057,-11.652935,16.226,7.937021,21.49582,-7.138,8.957,4.923,12.509
7.068,-14.933092,20.858923,9.62259,27.398652,-10.338,13.663,6.796,18.45
7.077,-18.009735,24.622723,10.836488,32.373731,-13.367,18.237,8.566,24.186
7.089,-20.162188,26.976294,11.44224,35.569073,-16.189,22.171,9.96,29.209
7.097,-21.419182,28.070478,11.55477,37.15166,-18.631,25.132,10.864,33.123
7.107,-21.740015,28.013016,11.092675,37.153799,-20.333,26.921,11.232,35.562
7.117,-20.945116,26.772781,10.125388,35.46834,-21.067,27.458,11.054,36.336
7.129,-18.981812,24.459911,9.150918,32.285224,-20.772,26.829,10.481,35.515
7.137,-16.49416,21.570023,8.645726,28.496873,-19.54,25.204,9.754,33.351
7.148,-13.606664,18.12466,8.6984,24.275643,-17.507,22.732,9.155,30.132
7.157,-10.589877,14.3441,8.918674,19.935934,-14.918,19.625,8.853,26.248
7.168,-7.506052,10.348056,9.083879,15.682471,-12.049,16.097,8.837,22.098
7.177,-4.632922,6.273,9.06233,11.955765,-9.084,12.272,8.941,17.962
7.189,-1.78134,2.171607,8.710372,9.152029,-6.128,8.284,8.944,14.182
7.197,1.2546,-1.86514,7.980118,8.29066,-3.166,4.232,8.709,11.27
7.208,4.790944,-5.873156,6.833261,10.204928,-0.092,0.177,8.147,9.901
7.217,8.595447,-9.452597,5.844425,14.049576,3.215,-3.755,7.342,10.424
7.228,12.349669,-12.440652,5.418244,18.347794,6.748,-7.408,6.519,12.723
7.237,15.526872,-14.779859,5.85879,22.222812,10.316,-10.637,5.989,16.206
7.249,16.996958,-16.496553,6.919454,24.676136,13.367,-13.292,6.01,19.824
7.257,16.618662,-17.571583,7.889135,25.439711,15.373,-15.322,6.521,22.672
7.268,14.681693,-17.820587,8.18842,24.498483,15.956,-16.667,7.214,24.209
7.277,12.083905,-17.190893,7.54436,22.326328,15.095,-17.27,7.635,24.235
7.289,9.519637,-15.660952,6.387925,19.40862,13.226,-17.061,7.502,22.918
7.297,7.242682,-13.465402,5.435004,16.226914,10.882,-16.034,6.889,20.615
7.308,4.925023,-10.273833,5.233885,12.537984,8.443,-14.148,6.15,17.625
7.317,1.963305,-5.868368,5.7295,8.433236,5.913,-11.317,5.697,14.152
7.329,-2.185973,-0.079011,6.723124,7.070015,2.986,-7.422,5.78,11.067
7.338,-6.895512,5.983293,7.685622,11.933845,-0.548,-2.559,6.343,9.994
7.347,-11.643358,12.071934,8.554744,18.82772,-4.69,3.027,7.173,11.566
7.357,-15.785454,17.557217,9.064724,25.290425,-9.128,8.883,8.007,15.781
7.368,-19.288279,22.240419,9.11261,30.817424,-13.403,14.463,8.604,21.717
7.377,-22.175774,25.798311,8.624178,35.095501,-17.223,19.417,8.839,27.508
7.387,-24.122318,27.890907,7.726325,37.676053,-20.343,23.372,8.632,32.22
7.397,-24.634693,28.563698,6.809318,38.329098,-22.555,26.123,8.068,35.48
7.408,-23.925987,27.809502,5.988081,37.170936,-23.715,27.516,7.287,37.068
7.417,-22.522943,26.088018,5.533169,34.906785,-23.801,27.588,6.514,37.021
7.428,-20.518934,23.461498,5.755836,31.695397,-22.901,26.481,6.022,35.526
7.437,-18.083958,20.056841,6.593833,27.799011,-21.263,24.354,5.968,32.893
7.449,-14.990555,15.900379,8.061523,23.292209,-19.029,21.377,6.486,29.423
7.457,-11.492519,11.494913,9.519637,18.837052,-16.271,17.728,7.483,25.406
7.468,-7.412675,6.952974,10.458193,14.583051,-12.995,13.601,8.658,21.128
7.477,-3.325648,2.882707,9.871595,10.808253,-9.305,9.308,9.478,16.88
7.489,0.476461,-1.108549,7.953781,8.044783,-5.439,5.056,9.451,13.068
7.497,3.972102,-4.800521,6.435811,8.957804,-1.572,0.982,8.68,10.598
7.507,7.515629,-8.097438,6.375954,12.755625,2.16,-2.781,7.659,10.142
7.518,10.795785,-11.001693,7.733508,17.245096,5.69,-6.252,7.125,11.751
7.529,13.443853,-13.20682,9.522031,21.114601,8.932,-9.277,7.517,15.018
7.537,15.033651,-14.633807,10.568329,23.491457,11.697,-11.735,8.55,18.652
7.547,15.182096,-15.251531,10.30017,23.857886,13.614,-13.523,9.531,21.427
7.557,14.346495,-15.074354,8.940222,22.649187,14.502,-14.542,9.833,22.778
7.569,12.668108,-14.01369,6.749461,20.060401,14.308,-14.743,9.14,22.515
7.578,10.575512,-12.387978,4.745453,16.96534,13.193,-14.182,7.684,20.883
7.587,7.953781,-10.05356,3.73028,13.351093,11.386,-12.882,6.041,18.257
7.597,4.913052,-7.00086,3.8476,9.378387,9.028,-10.864,4.768,14.939
7.609,1.53473,-2.844398,4.4749,5.52003,6.244,-8.072,4.2,11.304
7.618,-2.078231,1.836409,5.099805,5.805123,3.081,-4.516,4.288,8.514
7.628,-5.952167,7.051139,5.904282,10.954789,-0.396,-0.239,4.832,7.915
7.637,-9.675264,12.261082,7.115785,17.163311,-4.043,4.576,5.649,9.861
7.649,-13.077529,17.18371,8.621783,23.251599,-7.696,9.583,6.685,14.294
7.657,-16.281069,21.500587,10.046377,28.779823,-11.247,14.499,7.922,20.037
7.668,-19.249969,24.95792,10.549175,33.237692,-14.571,18.976,9.083,25.608
7.677,-21.59157,27.289944,10.357633,36.307264,-17.55,22.733,9.894,30.394
7.688,-22.597166,28.247654,9.754275,37.466088,-19.93,25.499,10.177,33.948
7.697,-22.381681,28.051323,9.014444,37.001036,-21.455,27.137,9.919,36.003
7.708,-21.040888,26.753626,8.305739,35.035137,-21.903,27.586,9.358,36.452
7.717,-19.008148,24.488644,8.020821,32.020882,-21.257,26.885,8.774,35.381
7.729,-16.527679,21.522137,8.2387,28.359174,-19.74,25.204,8.395,33.104
7.737,-13.860456,18.261133,8.638543,24.499096,-17.609,22.756,8.301,29.979
7.747,-11.040001,14.770281,8.885154,20.469215,-15.109,19.761,8.446,26.337
7.757,-8.296163,11.186052,8.739103,16.441594,-12.431,16.435,8.625,22.442
7.769,-5.870762,7.465349,8.277008,12.597863,-9.767,12.921,8.635,18.502
7.777,-3.586624,3.641692,7.587457,9.148513,-7.198,9.266,8.372,14.664
7.788,-0.988836,-0.256187,6.751855,6.828687,-4.686,5.509,7.839,11.254
7.797,2.135693,-3.917034,6.129344,7.581107,-2.078,1.733,7.186,9.039
7.808,5.894704,-7.079871,6.23948,11.12669,0.864,-1.903,6.677,8.671
7.817,9.368797,-9.613013,7.070293,15.171468,4.103,-5.217,6.548,10.177
7.827,12.110242,-11.633781,8.475733,18.810658,7.377,-8.061,6.979,13.172
7.837,13.721589,-13.13978,9.905115,21.425386,10.274,-10.367,7.923,16.634
7.848,14.205233,-14.006508,10.453403,22.52209,12.351,-12.098,8.976,19.482
7.857,13.819755,-14.257907,9.90272,22.188677,13.464,-13.259,9.684,21.237
7.868,12.941055,-13.728772,8.432636,20.665417,13.672,-13.783,9.673,21.7
7.877,11.803775,-12.505298,6.478908,18.376284,13.192,-13.625,8.817,20.938
7.888,10.185245,-10.558752,4.819675,15.442011,12.187,-12.763,7.408,19.168
7.898,7.992089,-8.286585,3.557892,12.049879,10.731,-11.27,5.822,16.633
7.907,5.061497,-5.770202,2.94017,8.219403,8.761,-9.28,4.449,13.522
7.918,2.018374,-3.038335,3.03594,4.745761,6.314,-6.913,3.588,10.114
7.928,-0.56026,0.110137,3.723097,3.766627,3.628,-4.246,3.314,7.195
7.937,-2.734262,3.359168,4.867561,6.515623,0.946,-1.335,3.642,5.812
7.947,-4.800521,6.751855,6.431022,10.48764,-1.519,1.796,4.514,6.379
7.957,-6.929031,9.905115,7.89153,14.436032,-3.756,5.032,5.728,8.801
7.969,-9.009656,12.641771,8.540379,17.717966,-5.868,8.164,6.933,12.289
7.977,-10.7479,14.899572,8.214757,20.124534,-7.872,11.05,7.769,15.692
7.987,-11.81814,16.704855,6.739883,21.544063,-9.626,13.538,7.847,18.456
7.997,-12.399949,18.016918,4.714327,22.373935,-10.994,15.566,7.052,20.44
8.009,-12.814158,18.622669,2.944958,22.796475,-11.945,17.061,5.653,21.71
8.017,-12.957815,18.699286,2.114145,22.848147,-12.498,18.011,4.128,22.391
8.028,-12.66332,18.16297,2.382303,22.269452,-12.709,18.375,3.039,22.572
8.037,-11.873209,17.152584,3.541132,21.159487,-12.577,18.159,2.746,22.268
8.05,-10.616215,15.890801,5.128537,19.786952,-12.028,17.476,3.292,21.516
8.058,-9.134158,14.62423,6.58665,18.457653,-11.072,16.458,4.41,20.418
8.067,-7.489292,13.431882,7.54436,17.129574,-9.778,15.275,5.7,19.133
8.077,-6.038361,12.438257,7.922655,15.935511,-8.32,14.096,6.796,17.827
8.089,-5.255433,11.631387,7.843644,14.981038,-6.979,13.031,7.474,16.626
8.097,-4.953754,11.056761,7.599428,14.301851,-5.934,12.14,7.728,15.587
8.109,-4.941783,10.621003,7.23071,13.766267,-5.297,11.437,7.649,14.746
8.117,-4.850801,10.290593,6.86678,13.288313,-5,10.9,7.385,14.084
8.128,-4.623344,10.027223,6.512427,12.819213,-4.842,10.499,7.052,13.544
8.137,-4.307301,9.955395,6.270606,12.529294,-4.681,10.224,6.72,13.101
8.147,-4.314483,9.955395,6.203566,12.498356,-4.524,10.057,6.463,12.784
8.157,-4.731087,9.960183,6.284971,12.692096,-4.494,9.975,6.318,12.635
8.169,-5.329656,9.878778,6.495667,12.968777,-4.671,9.937,6.314,12.672
8.177,-5.818088,9.692024,6.701575,13.141408,-5.048,9.872,6.421,12.825
8.187,-6.079064,9.419077,6.919454,13.173947,-5.489,9.738,6.6,12.994
8.197,-6.126949,9.09585,7.039168,13.031649,-5.838,9.521,6.789,13.079
8.209,-5.988081,8.827691,6.912271,12.710812,-6.003,9.259,6.893,13.014
8.217,-5.954561,8.545167,6.622564,12.342408,-6.037,8.972,6.873,12.815
8.227,-5.880339,8.197997,6.208354,11.846063,-5.987,8.667,6.696,12.483
8.237,-5.588237,7.733508,5.751048,11.140471,-5.853,8.326,6.374,12.01
8.248,-5.00164,7.053534,5.454158,10.223335,-5.606,7.883,6.009,11.388
8.257,-4.108575,6.282577,5.430215,9.264902,-5.145,7.317,5.711,10.619
8.268,-2.995238,5.401484,5.569083,8.31638,-4.423,6.618,5.551,9.736
8.277,-1.867534,4.336032,5.779779,7.462889,-3.493,5.768,5.558,8.817
8.288,-0.57702,3.081432,6.134132,6.888813,-2.387,4.775,5.728,7.983
8.297,0.912219,1.637684,6.565102,6.827497,-1.132,3.614,6.012,7.374
8.307,2.944958,-0.057463,7.072688,7.661527,0.353,2.249,6.388,7.21
8.317,5.832453,-1.726272,7.357606,9.546303,2.278,0.734,6.782,7.731
8.329,9.502876,-3.263397,7.206767,12.364947,4.798,-0.852,7.051,9.1
8.337,13.099077,-4.534757,7.005648,15.531547,7.845,-2.395,7.161,11.276
8.35,15.97939,-5.581055,6.847626,18.258671,11.103,-3.776,7.104,13.925
8.357,17.913963,-6.337646,6.957763,20.235768,14.124,-4.929,7.004,16.598
8.369,18.91477,-6.759038,7.209161,21.340692,16.477,-5.803,7.005,18.842
8.377,19.206873,-6.905088,7.273807,21.667775,18.004,-6.396,7.072,20.376
8.388,18.706469,-6.735095,7.034379,21.089712,18.686,-6.684,7.119,21.083
8.397,17.708057,-6.246663,6.476513,19.863064,18.634,-6.661,6.998,20.99
8.408,16.424725,-5.626546,5.590631,18.239648,18.012,-6.378,6.594,20.215
8.417,15.107874,-5.039948,4.831646,16.643129,16.987,-5.912,5.983,18.959
8.427,13.683281,-4.62095,4.453351,15.113494,15.731,-5.384,5.338,17.465
8.437,11.973768,-4.352792,4.618556,13.551715,14.297,-4.91,4.874,15.887
8.448,10.355239,-4.005622,5.427821,12.35869,12.78,-4.505,4.833,14.417
8.457,8.976136,-3.600989,6.447782,11.623771,11.247,-4.145,5.237,13.162
8.467,7.364789,-3.158048,7.534783,10.999379,9.667,-3.779,6.007,12.133
8.477,5.320079,-2.573845,8.348836,10.228929,8.004,-3.335,6.94,11.303
8.489,2.343995,-1.649655,8.597841,9.063032,6.001,-2.746,7.732,10.479
8.497,-0.864333,-0.471672,8.217151,8.275936,3.541,-1.963,8.175,9.642
8.508,-4.412649,0.787716,7.300144,8.56645,0.597,-0.977,8.116,9.034
8.517,-8.142929,2.121327,6.395108,10.569046,-2.769,0.197,7.628,9.119
8.529,-11.794198,3.459727,5.911465,13.63885,-6.304,1.474,6.956,10.263
8.537,-14.559586,4.647287,5.822876,16.35496,-9.727,2.754,6.357,12.282
8.547,-15.680106,5.7295,6.117372,17.779627,-12.544,3.989,6.062,14.586
8.558,-15.646585,6.725518,6.821289,18.346067,-14.42,5.141,6.168,16.53
8.568,-15.529266,7.850827,8.008849,19.155555,-15.354,6.238,6.693,17.909
8.577,-16.197269,8.818114,8.978531,20.511574,-15.763,7.281,7.482,18.948
8.587,-17.609892,9.780613,9.414289,22.235052,-16.246,8.294,8.306,20.062
8.597,-19.154198,10.810151,9.059936,23.787079,-17.123,9.315,8.865,21.422
8.608,-20.53809,11.839689,7.599428,24.894631,-18.375,10.312,8.763,22.857
8.618,-21.459885,12.713599,5.849213,25.619827,-19.691,11.286,7.981,24.134
8.628,-21.763958,13.247522,4.345609,25.846683,-20.729,12.153,6.714,25.037
8.637,-21.402422,13.350476,3.584229,25.478335,-21.291,12.788,5.345,25.46
8.65,-20.336969,12.933872,3.548315,24.361197,-21.241,13.061,4.332,25.327
8.657,-18.577179,12.052779,4.331243,22.564147,-20.52,12.896,3.952,24.563
8.668,-16.379234,10.922682,5.487678,20.437684,-19.174,12.315,4.238,23.21
8.677,-13.939468,9.522031,6.543553,18.105135,-17.308,11.358,4.978,21.367
8.689,-11.2914,7.884347,7.16367,15.523428,-15.047,10.095,5.882,19.158
8.697,-8.600235,6.162863,7.441406,12.935202,-12.553,8.623,6.659,16.75
8.709,-5.631334,4.479688,7.448589,10.356689,-9.866,7.012,7.149,14.23
8.717,-2.305687,3.033546,7.257047,8.196544,-6.957,5.39,7.328,11.753
8.728,1.096578,1.903448,7.036774,7.371688,-3.86,3.895,7.296,9.715
8.737,4.134912,1.134886,7.003254,8.21164,-0.676,2.638,7.186,8.534
8.748,6.402291,0.732648,7.158882,9.632014,2.332,1.701,7.114,8.353
8.757,7.630554,0.682368,7.223527,10.529497,4.816,1.113,7.106,8.936
8.768,8.013638,0.926584,6.960157,10.65461,6.545,0.869,7.086,9.757
8.777,7.872375,1.328822,6.507639,10.299972,7.48,0.918,6.963,10.279
8.787,7.551543,1.843592,6.150892,9.912523,7.767,1.195,6.711,10.349
8.798,7.266624,2.4254,5.94259,9.695399,7.676,1.631,6.39,10.141
8.809,6.919454,2.937775,5.777385,9.480905,7.402,2.134,6.095,9.847
8.817,6.550736,3.373533,5.736682,9.338222,7.072,2.645,5.902,9.607
8.828,6.138921,3.735069,5.810905,9.241412,6.719,3.118,5.817,9.439
8.837,5.755836,4.04393,6.000052,9.245737,6.341,3.523,5.831,9.327
8.849,5.195576,4.333637,6.153286,9.145346,5.91,3.872,5.925,9.243
8.858,4.16125,4.613768,6.241874,8.807034,5.313,4.182,6.052,9.11
8.868,2.672011,5.013611,6.234692,8.434887,4.446,4.501,6.157,8.908
8.877,1.096578,5.537958,6.079064,8.296172,3.281,4.875,6.177,8.671
8.888,-0.277736,6.124555,5.758231,8.410977,1.913,5.322,6.078,8.487
8.897,-1.252206,6.751855,5.456553,8.770948,0.56,5.857,5.882,8.478
8.907,-1.884294,7.340847,5.157268,9.167115,-0.579,6.439,5.613,8.661
8.917,-2.300898,7.84125,4.891503,9.523977,-1.429,7.015,5.316,8.968
8.929,-2.602577,8.253065,4.690384,9.843079,-2.01,7.547,5.049,9.326
8.937,-2.834821,8.566715,4.580248,10.119461,-2.406,8,4.83,9.663
8.948,-3.067066,8.79896,4.563488,10.375645,-2.701,8.365,4.681,9.966
8.957,-3.368745,8.923462,4.601796,10.590238,-2.968,8.636,4.609,10.232
8.969,-3.660846,8.971348,4.709538,10.773423,-3.233,8.815,4.614,10.465
8.977,-3.890697,8.956982,4.879532,10.916724,-3.497,8.913,4.689,10.664
8.987,-4.120547,8.865999,5.157268,11.053608,-3.76,8.929,4.837,10.834
8.997,-4.386312,8.775017,5.67922,11.335528,-4.015,8.892,5.106,11.02
9.008,-4.304906,8.564321,6.282577,11.460828,-4.176,8.791,5.5,11.192
9.017,-4.036747,8.430242,6.457359,11.360537,-4.212,8.659,5.894,11.303
9.027,-3.565075,8.327288,6.320886,11.045682,-4.073,8.524,6.185,11.301
9.037,-3.088614,8.18842,6.227509,10.741119,-3.749,8.378,6.322,11.152
9.049,-2.655251,8.107015,6.146103,10.514211,-3.336,8.263,6.288,10.915
9.057,-2.315264,8.051947,5.983293,10.295343,-2.906,8.169,6.169,10.649
9.067,-2.073442,8.028004,5.830059,10.135956,-2.533,8.094,6.047,10.422
9.077,-1.9657,8.016032,5.712739,10.037736,-2.252,8.051,5.918,10.246
9.088,-1.946545,8.016032,5.712739,10.034002,-2.075,8.028,5.81,10.126
9.097,-1.9657,8.016032,5.772596,10.071922,-1.988,8.019,5.757,10.07
9.108,-2.008796,7.994483,5.906676,10.140801,-1.972,8.011,5.776,10.071
9.117,-2.008796,7.989695,6.028784,10.208659,-1.982,8.004,5.855,10.114
9.128,-2.006402,7.989695,6.02639,10.206775,-1.997,7.997,5.934,10.157
9.138,-1.996825,8.004061,5.973716,10.185165,-2.005,7.994,5.984,10.185
9.147,-1.920208,8.013638,5.906676,10.138757,-1.983,7.999,5.984,10.185
9.159,-1.759792,8.008849,5.849213,10.07233,-1.921,8.004,5.939,10.151
9.169,-1.587404,7.989695,5.827665,10.015825,-1.816,8.004,5.889,10.103
9.177,-1.498816,7.956175,5.856396,9.992224,-1.692,7.992,5.86,10.055
9.186,-1.470085,7.915473,5.906676,9.985223,-1.579,7.968,5.86,10.016
9.196,-1.453325,7.884347,5.933013,9.973752,-1.502,7.936,5.881,9.992
9.207,-1.434171,7.87477,5.851608,9.915148,-1.464,7.908,5.887,9.967
9.216,-1.391074,7.879559,5.724711,9.838437,-1.437,7.889,5.854,9.928
9.227,-1.350371,7.893924,5.576266,9.758703,-1.407,7.883,5.771,9.872
9.236,-1.331217,7.929838,5.446975,9.712055,-1.377,7.895,5.65,9.806
9.247,-1.300091,7.939415,5.401484,9.690232,-1.343,7.911,5.537,9.75
9.256,-1.2546,7.922655,5.480495,9.71485,-1.309,7.921,5.476,9.719
9.267,-1.247417,7.886741,5.643306,9.777711,-1.283,7.92,5.493,9.724
9.276,-1.292908,7.848433,5.810905,9.850692,-1.274,7.899,5.584,9.758
9.288,-1.407834,7.80773,5.633729,9.730444,-1.301,7.866,5.642,9.768
9.296,-1.482056,7.903501,5.250645,9.603702,-1.358,7.862,5.585,9.741
9.306,-1.582616,7.956175,4.932206,9.49379,-1.441,7.879,5.407,9.67
9.316,-1.723878,8.025609,4.932206,9.576472,-1.549,7.923,5.187,9.601
9.327,-1.714301,8.035186,5.233885,9.741488,-1.626,7.98,5.087,9.604
9.336,-1.61853,8.05434,5.549929,9.91432,-1.66,8.018,5.162,9.682
9.346,-1.575433,8.068707,5.839636,10.084015,-1.658,8.046,5.389,9.829
9.356,-1.587404,8.080677,6.02639,10.204635,-1.624,8.06,5.662,9.986
9.367,-1.592193,8.078283,6.019207,10.199245,-1.593,8.071,5.859,10.101
9.376,-1.561067,8.061523,5.935407,10.131838,-1.579,8.072,5.955,10.155
9.387,-1.494027,8.006455,5.794145,9.995377,-1.559,8.057,5.944,10.133
9.398,-1.398257,7.927444,5.585843,9.798017,-1.511,8.018,5.834,10.031
9.427,-1.309668,7.843644,5.396696,9.610531,-1.441,7.96,5.678,9.884
9.427,-1.223474,7.77421,5.276982,9.475325,-1.356,7.888,5.513,9.72
9.427,-1.211503,7.735902,5.229096,9.415698,-1.286,7.82,5.372,9.575
9.47,-1.249811,7.762239,5.181211,9.415908,-1.249,7.779,5.271,9.479
9.47,-1.319245,7.836462,5.207548,9.501005,-1.251,7.777,5.224,9.452
9.47,-1.369525,7.917867,5.320079,9.636984,-1.288,7.813,5.234,9.492
9.47,-1.412622,7.989695,5.466129,9.783113,-1.338,7.877,5.294,9.584